Date,Region,Product,Category,Quantity,Sales,Profit
2024-01-01,North,Product A,Electronics,10,2500,500
2024-01-02,South,Product B,Furniture,5,1200,300
2024-01-03,East,Product C,Clothing,20,800,200
2024-01-04,West,Product D,Electronics,7,1750,400
2024-01-05,North,Product E,Furniture,4,1000,250
2024-02-01,South,Product A,Electronics,15,3700,900
2024-02-05,East,Product B,Furniture,8,1900,450
2024-02-07,West,Product C,Clothing,12,1500,300
2024-03-01,North,Product D,Electronics,6,2100,500
2024-03-05,South,Product E,Furniture,10,2500,700
